{"stat.pickup.minecraft.wooden_slab":37,"stat.leaveGame":5,"stat.craftItem.minecraft.iron_axe":2,"stat.mineBlock.minecraft.sandstone":27,"stat.useItem.minecraft.water_bucket":1,"stat.pickup.minecraft.rotten_flesh":25,"stat.pickup.minecraft.sand":201,"stat.pickup.minecraft.cobblestone_wall":10,"stat.killEntity.Enderman":1,"stat.craftItem.minecraft.cobblestone_wall":60,"stat.craftItem.minecraft.stone_sword":1,"stat.pickup.minecraft.brown_mushroom":1,"stat.mineBlock.minecraft.sand":187,"stat.useItem.minecraft.iron_pickaxe":28452,"stat.trappedChestTriggered":33,"stat.furnaceInteraction":92,"stat.killEntity.ZombieVillager":1,"stat.useItem.minecraft.stone_stairs":67,"stat.pickup.minecraft.stone_stairs":2,"stat.useItem.minecraft.wheat_seeds":123,"stat.useItem.minecraft.dye":9,"stat.playOneMinute":1218311,"stat.craftItem.minecraft.wooden_shovel":1,"stat.craftItem.minecraft.iron_pickaxe":113,"stat.mineBlock.minecraft.tallgrass":487,"stat.chestOpened":281,"stat.useItem.minecraft.stone":710,"stat.pickup.minecraft.arrow":6,"stat.drop.minecraft.flint":1,"stat.craftItem.minecraft.coal":24,"stat.drop.minecraft.iron_pickaxe":1,"stat.fallOneCm":18409,"stat.useItem.minecraft.trapped_chest":2,"stat.crouchOneCm":20202,"stat.mineBlock.minecraft.chest":1,"stat.craftItem.minecraft.iron_ingot":380,"stat.craftItem.minecraft.chest":19,"stat.craftingTableInteraction":151,"stat.useItem.minecraft.furnace":1,"stat.pickup.minecraft.dye":17,"stat.pickup.minecraft.planks":48,"stat.pickup.minecraft.wheat_seeds":194,"stat.mineBlock.minecraft.gravel":1052,"stat.useItem.minecraft.stone_pickaxe":265,"stat.craftItem.minecraft.iron_leggings":1,"stat.useItem.minecraft.stone_sword":132,"stat.mineBlock.minecraft.dirt":2631,"stat.useItem.minecraft.torch":990,"stat.useItem.minecraft.bread":16,"stat.craftItem.minecraft.stone_stairs":68,"stat.pickup.minecraft.crafting_table":40,"stat.useItem.minecraft.log":36,"stat.useItem.minecraft.cobblestone":1192,"stat.craftItem.minecraft.crafting_table":2,"stat.useItem.minecraft.gravel":161,"stat.mineBlock.minecraft.double_plant":15,"stat.pickup.minecraft.log":240,"stat.pickup.minecraft.iron_pickaxe":1,"stat.craftItem.minecraft.gold_ingot":4,"stat.pickup.minecraft.sapling":115,"stat.pickup.minecraft.wooden_door":2,"stat.pickup.minecraft.apple":16,"stat.breakItem.minecraft.stone_shovel":25,"stat.craftItem.minecraft.bucket":1,"stat.craftItem.minecraft.planks":476,"stat.useItem.minecraft.iron_sword":55,"stat.useItem.minecraft.wooden_pressure_plate":1,"stat.useItem.minecraft.stonebrick":838,"stat.mineBlock.minecraft.log":242,"stat.craftItem.minecraft.wooden_door":3,"stat.useItem.minecraft.stone_hoe":58,"stat.useItem.minecraft.wooden_door":3,"stat.pickup.minecraft.red_flower":1,"stat.sneakTime":17754,"stat.mineBlock.minecraft.cobblestone_wall":10,"stat.useItem.minecraft.wooden_axe":102,"stat.craftItem.minecraft.trapped_chest":2,"stat.pickup.minecraft.chest":1,"stat.pickup.minecraft.bone":7,"stat.useItem.minecraft.iron_axe":434,"stat.mineBlock.minecraft.cobblestone":119,"stat.pickup.minecraft.flint":99,"stat.craftItem.minecraft.stone_brick_stairs":116,"stat.swimOneCm":55481,"stat.climbOneCm":8001,"stat.breakItem.minecraft.iron_pickaxe":113,"stat.useItem.minecraft.dirt":569,"stat.craftItem.minecraft.furnace":1,"stat.craftItem.minecraft.iron_boots":1,"stat.craftItem.minecraft.stone_pickaxe":2,"stat.pickup.minecraft.cobblestone":22999,"stat.useItem.minecraft.stone_shovel":3452,"stat.flyOneCm":5591,"stat.pickup.minecraft.sandstone":27,"stat.craftItem.minecraft.wooden_slab":90,"stat.pickup.minecraft.redstone":14,"stat.mineBlock.minecraft.iron_ore":419,"stat.timeSinceDeath":1218311,"stat.useItem.minecraft.wooden_slab":44,"stat.killEntity.Bat":1,"stat.craftItem.minecraft.stonebrick":1058,"stat.pickup.minecraft.stonebrick":62,"stat.mineBlock.minecraft.coal_ore":714,"stat.killEntity.Creeper":3,"stat.craftItem.minecraft.stone_hoe":1,"stat.pickup.minecraft.string":2,"stat.mineBlock.minecraft.ladder":123,"stat.sprintOneCm":8329,"stat.craftItem.minecraft.stick":460,"stat.craftItem.minecraft.wooden_axe":1,"stat.craftItem.minecraft.stone":1352,"stat.mineBlock.minecraft.crafting_table":40,"stat.useItem.minecraft.wooden_shovel":60,"stat.craftItem.minecraft.wooden_pressure_plate":1,"stat.useItem.minecraft.bucket":1,"stat.drop":3,"stat.useItem.minecraft.ladder":125,"stat.killEntity.Zombie":25,"stat.craftItem.minecraft.dye":9,"stat.mineBlock.minecraft.gold_ore":22,"stat.diveOneCm":29754,"stat.pickup.minecraft.wheat":73,"stat.craftItem.minecraft.ladder":18,"stat.pickup.minecraft.gravel":1164,"stat.useItem.minecraft.apple":12,"stat.breakItem.minecraft.wooden_axe":2,"stat.useItem.minecraft.sand":85,"stat.jump":2729,"stat.pickup.minecraft.coal":714,"stat.craftItem.minecraft.bread":23,"stat.pickup.minecraft.gunpowder":3,"stat.pickup.minecraft.spider_eye":2,"stat.craftItem.minecraft.torch":432,"stat.pickup.minecraft.dirt":2588,"stat.craftItem.minecraft.iron_helmet":1,"stat.pickup.minecraft.iron_ore":419,"stat.useItem.minecraft.sapling":58,"stat.pickup.minecraft.gold_ore":22,"stat.mineBlock.minecraft.lapis_ore":3,"stat.mineBlock.minecraft.stone_stairs":2,"stat.damageTaken":1049,"stat.useItem.minecraft.stone_brick_stairs":114,"stat.mineBlock.minecraft.torch":223,"stat.mineBlock.minecraft.red_flower":1,"stat.useItem.minecraft.wooden_pickaxe":60,"stat.mineBlock.minecraft.sapling":3,"stat.damageDealt":8820,"stat.useItem.minecraft.crafting_table":42,"stat.craftItem.minecraft.iron_sword":1,"stat.craftItem.minecraft.stone_slab":156,"stat.craftItem.minecraft.stone_shovel":27,"stat.walkOneCm":4810110,"stat.useItem.minecraft.chest":18,"stat.breakItem.minecraft.stone_pickaxe":2,"stat.pickup.minecraft.stone":4231,"stat.craftItem.minecraft.iron_chestplate":1,"stat.drop.minecraft.wooden_slab":37,"stat.pickup.minecraft.ladder":125,"stat.killEntity.Skeleton":8,"stat.mineBlock.minecraft.stonebrick":64,"stat.killEntity.Spider":3,"stat.mobKills":43,"stat.breakItem.minecraft.iron_axe":1,"stat.useItem.minecraft.cobblestone_wall":10,"stat.mineBlock.minecraft.leaves":267,"stat.breakItem.minecraft.wooden_shovel":1,"stat.pickup.minecraft.torch":575,"stat.mineBlock.minecraft.redstone_ore":3,"stat.craftItem.minecraft.coal_block":31,"stat.craftItem.minecraft.tripwire_hook":2,"stat.breakItem.minecraft.stone_sword":1,"stat.mineBlock.minecraft.stone":27291,"stat.breakItem.minecraft.wooden_pickaxe":1,"stat.useItem.minecraft.sandstone":8}